{
  "audit_type": "gmm_vdisp_blind_test",
  "audit_status": "mondy_verified_2026-04",
  "k_geo": 5.092958178940651,
  "n_records_loaded": 1843110,
  "n_records_gmm": 500000,
  "vdisp_range_kms": [
    70.0,
    837.5
  ],
  "vdisp_mean_kms": 218.1648190053768,
  "vdisp_std_kms": 105.4049302270441,
  "gmm_results": {
    "2": {
      "n_components": 2,
      "bic": 5842301.993669428,
      "means_kms": [
        199.3783034979511,
        503.52021274568216
      ],
      "weights": [
        0.9382807483964407,
        0.061719251603559275
      ],
      "converged": true
    },
    "3": {
      "n_components": 3,
      "bic": 5836606.980980393,
      "means_kms": [
        149.33008467638632,
        240.23625971036824,
        489.4504103905705
      ],
      "weights": [
        0.5024343783297776,
        0.42951546249942707,
        0.06805015917079525
      ],
      "converged": true
    },
    "4": {
      "n_components": 4,
      "bic": 5825039.924610801,
      "means_kms": [
        131.11725268464642,
        221.01930404780913,
        301.98719599242946,
        570.8621037510266
      ],
      "weights": [
        0.49111560952261096,
        0.32616639954362764,
        0.1393552672574311,
        0.043362723676330345
      ],
      "converged": true
    },
    "5": {
      "n_components": 5,
      "bic": 5820992.1827097135,
      "means_kms": [
        118.50487878848367,
        195.52761364387823,
        258.724895141833,
        368.59636725591736,
        640.9568133441978
      ],
      "weights": [
        0.37182733178925736,
        0.28681809510715245,
        0.24926841547726938,
        0.0636015680386115,
        0.02848458958770929
      ],
      "converged": true
    },
    "6": {
      "n_components": 6,
      "bic": 5817595.255879895,
      "means_kms": [
        110.86720636713252,
        176.8855551515646,
        233.3807442407508,
        295.39322399551764,
        430.3394220728463,
        680.7529592040449
      ],
      "weights": [
        0.31075019770436135,
        0.2851706268080726,
        0.20467899766689118,
        0.13837519638510085,
        0.03963916406830015,
        0.021385817367273897
      ],
      "converged": true
    },
    "7": {
      "n_components": 7,
      "bic": 5815228.443216047,
      "means_kms": [
        105.39425489375614,
        163.84271829115775,
        214.65153471022998,
        263.5138365658622,
        331.390819784146,
        477.48325576727746,
        701.3958463811899
      ],
      "weights": [
        0.2761582140477451,
        0.23387078058825003,
        0.19774305015257804,
        0.1737151475084328,
        0.07172599611927218,
        0.02879746356529504,
        0.017989348018426835
      ],
      "converged": true
    },
    "8": {
      "n_components": 8,
      "bic": 5813067.008553782,
      "means_kms": [
        99.56778347676604,
        150.51069593207495,
        196.86881463194138,
        239.58021059149726,
        288.72294025289625,
        368.1757060621455,
        519.0844206740483,
        717.0220144545201
      ],
      "weights": [
        0.234158252695076,
        0.2270342098444064,
        0.1901294114469416,
        0.14180493434011987,
        0.12537781825913386,
        0.0440782829813833,
        0.02189701677234363,
        0.015520073660595405
      ],
      "converged": true
    }
  },
  "best_n_components": 8,
  "best_bic": 5813067.008553782,
  "best_means_kms": [
    99.56778347676604,
    150.51069593207495,
    196.86881463194138,
    239.58021059149726,
    288.72294025289625,
    368.1757060621455,
    519.0844206740483,
    717.0220144545201
  ],
  "predicted_nodes": [
    {
      "N": 18,
      "pred_kms": 91.673
    },
    {
      "N": 27,
      "pred_kms": 137.51
    },
    {
      "N": 36,
      "pred_kms": 183.346
    },
    {
      "N": 48,
      "pred_kms": 244.462
    },
    {
      "N": 60,
      "pred_kms": 305.577
    }
  ],
  "peak_comparison": [
    {
      "N": 18,
      "predicted": 91.673,
      "gmm_peak": 99.568,
      "delta_kms": 7.895,
      "pct_off": 8.61,
      "matched": false
    },
    {
      "N": 27,
      "predicted": 137.51,
      "gmm_peak": 150.511,
      "delta_kms": 13.001,
      "pct_off": 9.45,
      "matched": false
    },
    {
      "N": 36,
      "predicted": 183.346,
      "gmm_peak": 196.869,
      "delta_kms": 13.522,
      "pct_off": 7.38,
      "matched": false
    },
    {
      "N": 48,
      "predicted": 244.462,
      "gmm_peak": 239.58,
      "delta_kms": 4.882,
      "pct_off": 2.0,
      "matched": true
    },
    {
      "N": 60,
      "predicted": 305.577,
      "gmm_peak": 288.723,
      "delta_kms": 16.855,
      "pct_off": 5.52,
      "matched": false
    }
  ],
  "n_matched": 1,
  "verdict": "INCONCLUSIVE",
  "interpretation": "GMM found 8 components but peaks do not align with N\u00d7k_geo predictions.",
  "methodology_note": "GMM fitted WITHOUT knowledge of predicted peaks. Predictions compared AFTER fitting. BIC model selection penalizes complexity. A match requires peak within 5% of predicted value."
}